{"cameraMode":{"drawMode":0,"name":"Shaded","section":"Shading Mode"},"sceneLighting":true,"audioPlay":false,"sceneViewState":{"m_AlwaysRefresh":false,"showFog":true,"showSkybox":true,"showFlares":true,"showImageEffects":true,"showParticleSystems":true,"showVisualEffectGraphs":true,"m_FxEnabled":false},"in2DMode":false,"pivot":{"x":-68.23628234863281,"y":4.674363136291504,"z":-89.43836975097656},"rotation":{"x":-0.15324509143829347,"y":-0.024610457941889764,"z":0.003818382741883397,"w":-0.9878833889961243},"size":16.034099578857423,"orthographic":false}