{"cameraMode":{"drawMode":0,"name":"Shaded","section":"Shading Mode"},"sceneLighting":true,"audioPlay":false,"sceneViewState":{"m_AlwaysRefresh":false,"showFog":true,"showSkybox":true,"showFlares":true,"showImageEffects":true,"showParticleSystems":true,"showVisualEffectGraphs":true,"m_FxEnabled":false},"in2DMode":false,"pivot":{"x":57.83979034423828,"y":29.326122283935548,"z":60.88006591796875},"rotation":{"x":0.10747790336608887,"y":-0.00953204557299614,"z":-0.0010313973762094975,"w":-0.9941655397415161},"size":11.093867301940918,"orthographic":false}